word,sentiment,lexicon
abandon,-2,afinn
abandoned,-2,afinn
abandons,-2,afinn
abducted,-2,afinn
abduction,-2,afinn
abductions,-2,afinn
abhor,-3,afinn
abhorred,-3,afinn
abhorrent,-3,afinn
abhors,-3,afinn
abilities,2,afinn
ability,2,afinn
aboard,1,afinn
absentee,-1,afinn
absentees,-1,afinn
absolve,2,afinn
absolved,2,afinn
absolves,2,afinn
absolving,2,afinn
absorbed,1,afinn
abuse,-3,afinn
abused,-3,afinn
abuses,-3,afinn
abusive,-3,afinn
accept,1,afinn
accepted,1,afinn
accepting,1,afinn
accepts,1,afinn
accident,-2,afinn
accidental,-2,afinn
accidentally,-2,afinn
accidents,-2,afinn
accomplish,2,afinn
accomplished,2,afinn
accomplishes,2,afinn
accusation,-2,afinn
accusations,-2,afinn
accuse,-2,afinn
accused,-2,afinn
accuses,-2,afinn
accusing,-2,afinn
ache,-2,afinn
achievable,1,afinn
aching,-2,afinn
acquit,2,afinn
acquits,2,afinn
acquitted,2,afinn
acquitting,2,afinn
acrimonious,-3,afinn
active,1,afinn
adequate,1,afinn
admire,3,afinn
admired,3,afinn
admires,3,afinn
admiring,3,afinn
admit,-1,afinn
admits,-1,afinn
admitted,-1,afinn
admonish,-2,afinn
admonished,-2,afinn
adopt,1,afinn
adopts,1,afinn
adorable,3,afinn
adore,3,afinn
adored,3,afinn
adores,3,afinn
advanced,1,afinn
advantage,2,afinn
advantages,2,afinn
adventure,2,afinn
adventures,2,afinn
adventurous,2,afinn
affected,-1,afinn
affection,3,afinn
affectionate,3,afinn
afflicted,-1,afinn
affronted,-1,afinn
afraid,-2,afinn
aggravate,-2,afinn
aggravated,-2,afinn
aggravates,-2,afinn
aggravating,-2,afinn
aggression,-2,afinn
aggressions,-2,afinn
aggressive,-2,afinn
aghast,-2,afinn
agog,2,afinn
agonise,-3,afinn
agonised,-3,afinn
agonises,-3,afinn
agonising,-3,afinn
agonize,-3,afinn
agonized,-3,afinn
agonizes,-3,afinn
agonizing,-3,afinn
agree,1,afinn
agreeable,2,afinn
agreed,1,afinn
agreement,1,afinn
agrees,1,afinn
alarm,-2,afinn
alarmed,-2,afinn
alarmist,-2,afinn
alarmists,-2,afinn
alas,-1,afinn
alert,-1,afinn
alienation,-2,afinn
alive,1,afinn
allergic,-2,afinn
allow,1,afinn
alone,-2,afinn
amaze,2,afinn
amazed,2,afinn
amazes,2,afinn
amazing,4,afinn
ambitious,2,afinn
ambivalent,-1,afinn
amuse,3,afinn
amused,3,afinn
amusement,3,afinn
amusements,3,afinn
anger,-3,afinn
angers,-3,afinn
angry,-3,afinn
anguish,-3,afinn
anguished,-3,afinn
animosity,-2,afinn
annoy,-2,afinn
annoyance,-2,afinn
annoyed,-2,afinn
annoying,-2,afinn
annoys,-2,afinn
antagonistic,-2,afinn
anti,-1,afinn
anticipation,1,afinn
anxiety,-2,afinn
anxious,-2,afinn
apathetic,-3,afinn
apathy,-3,afinn
apeshit,-3,afinn
apocalyptic,-2,afinn
apologise,-1,afinn
apologised,-1,afinn
apologises,-1,afinn
apologising,-1,afinn
apologize,-1,afinn
apologized,-1,afinn
apologizes,-1,afinn
apologizing,-1,afinn
apology,-1,afinn
appalled,-2,afinn
appalling,-2,afinn
appease,2,afinn
appeased,2,afinn
appeases,2,afinn
appeasing,2,afinn
applaud,2,afinn
applauded,2,afinn
applauding,2,afinn
applauds,2,afinn
applause,2,afinn
appreciate,2,afinn
appreciated,2,afinn
appreciates,2,afinn
appreciating,2,afinn
appreciation,2,afinn
apprehensive,-2,afinn
approval,2,afinn
approved,2,afinn
approves,2,afinn
ardent,1,afinn
arrest,-2,afinn
arrested,-3,afinn
arrests,-2,afinn
arrogant,-2,afinn
ashame,-2,afinn
ashamed,-2,afinn
ass,-4,afinn
assassination,-3,afinn
assassinations,-3,afinn
asset,2,afinn
assets,2,afinn
assfucking,-4,afinn
asshole,-4,afinn
astonished,2,afinn
astound,3,afinn
astounded,3,afinn
astounding,3,afinn
astoundingly,3,afinn
astounds,3,afinn
attack,-1,afinn
attacked,-1,afinn
attacking,-1,afinn
attacks,-1,afinn
attract,1,afinn
attracted,1,afinn
attracting,2,afinn
attraction,2,afinn
attractions,2,afinn
attracts,1,afinn
audacious,3,afinn
authority,1,afinn
avert,-1,afinn
averted,-1,afinn
averts,-1,afinn
avid,2,afinn
avoid,-1,afinn
avoided,-1,afinn
avoids,-1,afinn
await,-1,afinn
awaited,-1,afinn
awaits,-1,afinn
award,3,afinn
awarded,3,afinn
awards,3,afinn
awesome,4,afinn
awful,-3,afinn
awkward,-2,afinn
axe,-1,afinn
axed,-1,afinn
backed,1,afinn
backing,2,afinn
backs,1,afinn
bad,-3,afinn
badass,-3,afinn
badly,-3,afinn
bailout,-2,afinn
bamboozle,-2,afinn
bamboozled,-2,afinn
bamboozles,-2,afinn
ban,-2,afinn
banish,-1,afinn
bankrupt,-3,afinn
bankster,-3,afinn
banned,-2,afinn
bargain,2,afinn
barrier,-2,afinn
bastard,-5,afinn
bastards,-5,afinn
battle,-1,afinn
battles,-1,afinn
beaten,-2,afinn
beatific,3,afinn
beating,-1,afinn
beauties,3,afinn
beautiful,3,afinn
beautifully,3,afinn
beautify,3,afinn
belittle,-2,afinn
belittled,-2,afinn
beloved,3,afinn
benefit,2,afinn
benefits,2,afinn
benefitted,2,afinn
benefitting,2,afinn
bereave,-2,afinn
bereaved,-2,afinn
bereaves,-2,afinn
bereaving,-2,afinn
best,3,afinn
betray,-3,afinn
betrayal,-3,afinn
betrayed,-3,afinn
betraying,-3,afinn
betrays,-3,afinn
better,2,afinn
bias,-1,afinn
biased,-2,afinn
big,1,afinn
bitch,-5,afinn
bitches,-5,afinn
bitter,-2,afinn
bitterly,-2,afinn
bizarre,-2,afinn
blah,-2,afinn
blame,-2,afinn
blamed,-2,afinn
blames,-2,afinn
blaming,-2,afinn
bless,2,afinn
blesses,2,afinn
blessing,3,afinn
blind,-1,afinn
bliss,3,afinn
blissful,3,afinn
blithe,2,afinn
block,-1,afinn
blockbuster,3,afinn
blocked,-1,afinn
blocking,-1,afinn
blocks,-1,afinn
bloody,-3,afinn
blurry,-2,afinn
boastful,-2,afinn
bold,2,afinn
boldly,2,afinn
bomb,-1,afinn
boost,1,afinn
boosted,1,afinn
boosting,1,afinn
boosts,1,afinn
bore,-2,afinn
bored,-2,afinn
boring,-3,afinn
bother,-2,afinn
bothered,-2,afinn
bothers,-2,afinn
bothersome,-2,afinn
boycott,-2,afinn
boycotted,-2,afinn
boycotting,-2,afinn
boycotts,-2,afinn
brainwashing,-3,afinn
brave,2,afinn
breakthrough,3,afinn
breathtaking,5,afinn
bribe,-3,afinn
bright,1,afinn
brightest,2,afinn
brightness,1,afinn
brilliant,4,afinn
brisk,2,afinn
broke,-1,afinn
broken,-1,afinn
brooding,-2,afinn
bullied,-2,afinn
bullshit,-4,afinn
bully,-2,afinn
bullying,-2,afinn
bummer,-2,afinn
buoyant,2,afinn
burden,-2,afinn
burdened,-2,afinn
burdening,-2,afinn
burdens,-2,afinn
calm,2,afinn
calmed,2,afinn
calming,2,afinn
calms,2,afinn
can't stand,-3,afinn
cancel,-1,afinn
cancelled,-1,afinn
cancelling,-1,afinn
cancels,-1,afinn
cancer,-1,afinn
capable,1,afinn
captivated,3,afinn
care,2,afinn
carefree,1,afinn
careful,2,afinn
carefully,2,afinn
careless,-2,afinn
cares,2,afinn
cashing in,-2,afinn
casualty,-2,afinn
catastrophe,-3,afinn
catastrophic,-4,afinn
cautious,-1,afinn
celebrate,3,afinn
celebrated,3,afinn
celebrates,3,afinn
celebrating,3,afinn
censor,-2,afinn
censored,-2,afinn
censors,-2,afinn
certain,1,afinn
chagrin,-2,afinn
chagrined,-2,afinn
challenge,-1,afinn
chance,2,afinn
chances,2,afinn
chaos,-2,afinn
chaotic,-2,afinn
charged,-3,afinn
charges,-2,afinn
charm,3,afinn
charming,3,afinn
charmless,-3,afinn
chastise,-3,afinn
chastised,-3,afinn
chastises,-3,afinn
chastising,-3,afinn
cheat,-3,afinn
cheated,-3,afinn
cheater,-3,afinn
cheaters,-3,afinn
cheats,-3,afinn
cheer,2,afinn
cheered,2,afinn
cheerful,2,afinn
cheering,2,afinn
cheerless,-2,afinn
cheers,2,afinn
cheery,3,afinn
cherish,2,afinn
cherished,2,afinn
cherishes,2,afinn
cherishing,2,afinn
chic,2,afinn
childish,-2,afinn
chilling,-1,afinn
choke,-2,afinn
choked,-2,afinn
chokes,-2,afinn
choking,-2,afinn
clarifies,2,afinn
clarity,2,afinn
clash,-2,afinn
classy,3,afinn
clean,2,afinn
cleaner,2,afinn
clear,1,afinn
cleared,1,afinn
clearly,1,afinn
clears,1,afinn
clever,2,afinn
clouded,-1,afinn
clueless,-2,afinn
cock,-5,afinn
cocksucker,-5,afinn
cocksuckers,-5,afinn
cocky,-2,afinn
coerced,-2,afinn
collapse,-2,afinn
collapsed,-2,afinn
collapses,-2,afinn
collapsing,-2,afinn
collide,-1,afinn
collides,-1,afinn
colliding,-1,afinn
collision,-2,afinn
collisions,-2,afinn
colluding,-3,afinn
combat,-1,afinn
combats,-1,afinn
comedy,1,afinn
comfort,2,afinn
comfortable,2,afinn
comforting,2,afinn
comforts,2,afinn
commend,2,afinn
commended,2,afinn
commit,1,afinn
commitment,2,afinn
commits,1,afinn
committed,1,afinn
committing,1,afinn
compassionate,2,afinn
compelled,1,afinn
competent,2,afinn
competitive,2,afinn
complacent,-2,afinn
complain,-2,afinn
complained,-2,afinn
complains,-2,afinn
comprehensive,2,afinn
conciliate,2,afinn
conciliated,2,afinn
conciliates,2,afinn
conciliating,2,afinn
condemn,-2,afinn
condemnation,-2,afinn
condemned,-2,afinn
condemns,-2,afinn
confidence,2,afinn
confident,2,afinn
conflict,-2,afinn
conflicting,-2,afinn
conflictive,-2,afinn
conflicts,-2,afinn
confuse,-2,afinn
confused,-2,afinn
confusing,-2,afinn
congrats,2,afinn
congratulate,2,afinn
congratulation,2,afinn
congratulations,2,afinn
consent,2,afinn
consents,2,afinn
consolable,2,afinn
conspiracy,-3,afinn
constrained,-2,afinn
contagion,-2,afinn
contagions,-2,afinn
contagious,-1,afinn
contempt,-2,afinn
contemptuous,-2,afinn
contemptuously,-2,afinn
contend,-1,afinn
contender,-1,afinn
contending,-1,afinn
contentious,-2,afinn
contestable,-2,afinn
controversial,-2,afinn
controversially,-2,afinn
convince,1,afinn
convinced,1,afinn
convinces,1,afinn
convivial,2,afinn
cool,1,afinn
cool stuff,3,afinn
cornered,-2,afinn
corpse,-1,afinn
costly,-2,afinn
courage,2,afinn
courageous,2,afinn
courteous,2,afinn
courtesy,2,afinn
cover-up,-3,afinn
coward,-2,afinn
cowardly,-2,afinn
coziness,2,afinn
cramp,-1,afinn
crap,-3,afinn
crash,-2,afinn
crazier,-2,afinn
craziest,-2,afinn
crazy,-2,afinn
creative,2,afinn
crestfallen,-2,afinn
cried,-2,afinn
cries,-2,afinn
crime,-3,afinn
criminal,-3,afinn
criminals,-3,afinn
crisis,-3,afinn
critic,-2,afinn
criticism,-2,afinn
criticize,-2,afinn
criticized,-2,afinn
criticizes,-2,afinn
criticizing,-2,afinn
critics,-2,afinn
cruel,-3,afinn
cruelty,-3,afinn
crush,-1,afinn
crushed,-2,afinn
crushes,-1,afinn
crushing,-1,afinn
cry,-1,afinn
crying,-2,afinn
cunt,-5,afinn
curious,1,afinn
curse,-1,afinn
cut,-1,afinn
cute,2,afinn
cuts,-1,afinn
cutting,-1,afinn
cynic,-2,afinn
cynical,-2,afinn
cynicism,-2,afinn
damage,-3,afinn
damages,-3,afinn
damn,-4,afinn
damned,-4,afinn
damnit,-4,afinn
danger,-2,afinn
daredevil,2,afinn
daring,2,afinn
darkest,-2,afinn
darkness,-1,afinn
dauntless,2,afinn
dead,-3,afinn
deadlock,-2,afinn
deafening,-1,afinn
dear,2,afinn
dearly,3,afinn
death,-2,afinn
debonair,2,afinn
debt,-2,afinn
deceit,-3,afinn
deceitful,-3,afinn
deceive,-3,afinn
deceived,-3,afinn
deceives,-3,afinn
deceiving,-3,afinn
deception,-3,afinn
decisive,1,afinn
dedicated,2,afinn
defeated,-2,afinn
defect,-3,afinn
defects,-3,afinn
defender,2,afinn
defenders,2,afinn
defenseless,-2,afinn
defer,-1,afinn
deferring,-1,afinn
defiant,-1,afinn
deficit,-2,afinn
degrade,-2,afinn
degraded,-2,afinn
degrades,-2,afinn
dehumanize,-2,afinn
dehumanized,-2,afinn
dehumanizes,-2,afinn
dehumanizing,-2,afinn
deject,-2,afinn
dejected,-2,afinn
dejecting,-2,afinn
dejects,-2,afinn
delay,-1,afinn
delayed,-1,afinn
delight,3,afinn
delighted,3,afinn
delighting,3,afinn
delights,3,afinn
demand,-1,afinn
demanded,-1,afinn
demanding,-1,afinn
demands,-1,afinn
demonstration,-1,afinn
demoralized,-2,afinn
denied,-2,afinn
denier,-2,afinn
deniers,-2,afinn
denies,-2,afinn
denounce,-2,afinn
denounces,-2,afinn
deny,-2,afinn
denying,-2,afinn
depressed,-2,afinn
depressing,-2,afinn
derail,-2,afinn
derailed,-2,afinn
derails,-2,afinn
deride,-2,afinn
derided,-2,afinn
derides,-2,afinn
deriding,-2,afinn
derision,-2,afinn
desirable,2,afinn
desire,1,afinn
desired,2,afinn
desirous,2,afinn
despair,-3,afinn
despairing,-3,afinn
despairs,-3,afinn
desperate,-3,afinn
desperately,-3,afinn
despondent,-3,afinn
destroy,-3,afinn
destroyed,-3,afinn
destroying,-3,afinn
destroys,-3,afinn
destruction,-3,afinn
destructive,-3,afinn
detached,-1,afinn
detain,-2,afinn
detained,-2,afinn
detention,-2,afinn
determined,2,afinn
devastate,-2,afinn
devastated,-2,afinn
devastating,-2,afinn
devoted,3,afinn
diamond,1,afinn
dick,-4,afinn
dickhead,-4,afinn
die,-3,afinn
died,-3,afinn
difficult,-1,afinn
diffident,-2,afinn
dilemma,-1,afinn
dipshit,-3,afinn
dire,-3,afinn
direful,-3,afinn
dirt,-2,afinn
dirtier,-2,afinn
dirtiest,-2,afinn
dirty,-2,afinn
disabling,-1,afinn
disadvantage,-2,afinn
disadvantaged,-2,afinn
disappear,-1,afinn
disappeared,-1,afinn
disappears,-1,afinn
disappoint,-2,afinn
disappointed,-2,afinn
disappointing,-2,afinn
disappointment,-2,afinn
disappointments,-2,afinn
disappoints,-2,afinn
disaster,-2,afinn
disasters,-2,afinn
disastrous,-3,afinn
disbelieve,-2,afinn
discard,-1,afinn
discarded,-1,afinn
discarding,-1,afinn
discards,-1,afinn
disconsolate,-2,afinn
disconsolation,-2,afinn
discontented,-2,afinn
discord,-2,afinn
discounted,-1,afinn
discouraged,-2,afinn
discredited,-2,afinn
disdain,-2,afinn
disgrace,-2,afinn
disgraced,-2,afinn
disguise,-1,afinn
disguised,-1,afinn
disguises,-1,afinn
disguising,-1,afinn
disgust,-3,afinn
disgusted,-3,afinn
disgusting,-3,afinn
disheartened,-2,afinn
dishonest,-2,afinn
disillusioned,-2,afinn
disinclined,-2,afinn
disjointed,-2,afinn
dislike,-2,afinn
dismal,-2,afinn
dismayed,-2,afinn
disorder,-2,afinn
disorganized,-2,afinn
disoriented,-2,afinn
disparage,-2,afinn
disparaged,-2,afinn
disparages,-2,afinn
disparaging,-2,afinn
displeased,-2,afinn
dispute,-2,afinn
disputed,-2,afinn
disputes,-2,afinn
disputing,-2,afinn
disqualified,-2,afinn
disquiet,-2,afinn
disregard,-2,afinn
disregarded,-2,afinn
disregarding,-2,afinn
disregards,-2,afinn
disrespect,-2,afinn
disrespected,-2,afinn
disruption,-2,afinn
disruptions,-2,afinn
disruptive,-2,afinn
dissatisfied,-2,afinn
distort,-2,afinn
distorted,-2,afinn
distorting,-2,afinn
distorts,-2,afinn
distract,-2,afinn
distracted,-2,afinn
distraction,-2,afinn
distracts,-2,afinn
distress,-2,afinn
distressed,-2,afinn
distresses,-2,afinn
distressing,-2,afinn
distrust,-3,afinn
distrustful,-3,afinn
disturb,-2,afinn
disturbed,-2,afinn
disturbing,-2,afinn
disturbs,-2,afinn
dithering,-2,afinn
dizzy,-1,afinn
dodging,-2,afinn
dodgy,-2,afinn
does not work,-3,afinn
dolorous,-2,afinn
dont like,-2,afinn
doom,-2,afinn
doomed,-2,afinn
doubt,-1,afinn
doubted,-1,afinn
doubtful,-1,afinn
doubting,-1,afinn
doubts,-1,afinn
douche,-3,afinn
douchebag,-3,afinn
downcast,-2,afinn
downhearted,-2,afinn
downside,-2,afinn
drag,-1,afinn
dragged,-1,afinn
drags,-1,afinn
drained,-2,afinn
dread,-2,afinn
dreaded,-2,afinn
dreadful,-3,afinn
dreading,-2,afinn
dream,1,afinn
dreams,1,afinn
dreary,-2,afinn
droopy,-2,afinn
drop,-1,afinn
drown,-2,afinn
drowned,-2,afinn
drowns,-2,afinn
drunk,-2,afinn
dubious,-2,afinn
dud,-2,afinn
dull,-2,afinn
dumb,-3,afinn
dumbass,-3,afinn
dump,-1,afinn
dumped,-2,afinn
dumps,-1,afinn
dupe,-2,afinn
duped,-2,afinn
dysfunction,-2,afinn
eager,2,afinn
earnest,2,afinn
ease,2,afinn
easy,1,afinn
ecstatic,4,afinn
eerie,-2,afinn
eery,-2,afinn
effective,2,afinn
effectively,2,afinn
elated,3,afinn
elation,3,afinn
elegant,2,afinn
elegantly,2,afinn
embarrass,-2,afinn
embarrassed,-2,afinn
embarrasses,-2,afinn
embarrassing,-2,afinn
embarrassment,-2,afinn
embittered,-2,afinn
embrace,1,afinn
emergency,-2,afinn
empathetic,2,afinn
emptiness,-1,afinn
empty,-1,afinn
enchanted,2,afinn
encourage,2,afinn
encouraged,2,afinn
encouragement,2,afinn
encourages,2,afinn
endorse,2,afinn
endorsed,2,afinn
endorsement,2,afinn
endorses,2,afinn
enemies,-2,afinn
enemy,-2,afinn
energetic,2,afinn
engage,1,afinn
engages,1,afinn
engrossed,1,afinn
enjoy,2,afinn
enjoying,2,afinn
enjoys,2,afinn
enlighten,2,afinn
enlightened,2,afinn
enlightening,2,afinn
enlightens,2,afinn
ennui,-2,afinn
enrage,-2,afinn
enraged,-2,afinn
enrages,-2,afinn
enraging,-2,afinn
enrapture,3,afinn
enslave,-2,afinn
enslaved,-2,afinn
enslaves,-2,afinn
ensure,1,afinn
ensuring,1,afinn
enterprising,1,afinn
entertaining,2,afinn
enthral,3,afinn
enthusiastic,3,afinn
entitled,1,afinn
entrusted,2,afinn
envies,-1,afinn
envious,-2,afinn
envy,-1,afinn
envying,-1,afinn
erroneous,-2,afinn
error,-2,afinn
errors,-2,afinn
escape,-1,afinn
escapes,-1,afinn
escaping,-1,afinn
esteemed,2,afinn
ethical,2,afinn
euphoria,3,afinn
euphoric,4,afinn
eviction,-1,afinn
evil,-3,afinn
exaggerate,-2,afinn
exaggerated,-2,afinn
exaggerates,-2,afinn
exaggerating,-2,afinn
exasperated,2,afinn
excellence,3,afinn
excellent,3,afinn
excite,3,afinn
excited,3,afinn
excitement,3,afinn
exciting,3,afinn
exclude,-1,afinn
excluded,-2,afinn
exclusion,-1,afinn
exclusive,2,afinn
excuse,-1,afinn
exempt,-1,afinn
exhausted,-2,afinn
exhilarated,3,afinn
exhilarates,3,afinn
exhilarating,3,afinn
exonerate,2,afinn
exonerated,2,afinn
exonerates,2,afinn
exonerating,2,afinn
expand,1,afinn
expands,1,afinn
expel,-2,afinn
expelled,-2,afinn
expelling,-2,afinn
expels,-2,afinn
exploit,-2,afinn
exploited,-2,afinn
exploiting,-2,afinn
exploits,-2,afinn
exploration,1,afinn
explorations,1,afinn
expose,-1,afinn
exposed,-1,afinn
exposes,-1,afinn
exposing,-1,afinn
extend,1,afinn
extends,1,afinn
exuberant,4,afinn
exultant,3,afinn
exultantly,3,afinn
fabulous,4,afinn
fad,-2,afinn
fag,-3,afinn
faggot,-3,afinn
faggots,-3,afinn
fail,-2,afinn
failed,-2,afinn
failing,-2,afinn
fails,-2,afinn
failure,-2,afinn
failures,-2,afinn
fainthearted,-2,afinn
fair,2,afinn
faith,1,afinn
faithful,3,afinn
fake,-3,afinn
fakes,-3,afinn
faking,-3,afinn
fallen,-2,afinn
falling,-1,afinn
falsified,-3,afinn
falsify,-3,afinn
fame,1,afinn
fan,3,afinn
fantastic,4,afinn
farce,-1,afinn
fascinate,3,afinn
fascinated,3,afinn
fascinates,3,afinn
fascinating,3,afinn
fascist,-2,afinn
fascists,-2,afinn
fatalities,-3,afinn
fatality,-3,afinn
fatigue,-2,afinn
fatigued,-2,afinn
fatigues,-2,afinn
fatiguing,-2,afinn
favor,2,afinn
favored,2,afinn
favorite,2,afinn
favorited,2,afinn
favorites,2,afinn
favors,2,afinn
fear,-2,afinn
fearful,-2,afinn
fearing,-2,afinn
fearless,2,afinn
fearsome,-2,afinn
fed up,-3,afinn
feeble,-2,afinn
feeling,1,afinn
felonies,-3,afinn
felony,-3,afinn
fervent,2,afinn
fervid,2,afinn
festive,2,afinn
fiasco,-3,afinn
fidgety,-2,afinn
fight,-1,afinn
fine,2,afinn
fire,-2,afinn
fired,-2,afinn
firing,-2,afinn
fit,1,afinn
fitness,1,afinn
flagship,2,afinn
flees,-1,afinn
flop,-2,afinn
flops,-2,afinn
flu,-2,afinn
flustered,-2,afinn
focused,2,afinn
fond,2,afinn
fondness,2,afinn
fool,-2,afinn
foolish,-2,afinn
fools,-2,afinn
forced,-1,afinn
foreclosure,-2,afinn
foreclosures,-2,afinn
forget,-1,afinn
forgetful,-2,afinn
forgive,1,afinn
forgiving,1,afinn
forgotten,-1,afinn
fortunate,2,afinn
frantic,-1,afinn
fraud,-4,afinn
frauds,-4,afinn
fraudster,-4,afinn
fraudsters,-4,afinn
fraudulence,-4,afinn
fraudulent,-4,afinn
free,1,afinn
freedom,2,afinn
frenzy,-3,afinn
fresh,1,afinn
friendly,2,afinn
fright,-2,afinn
frightened,-2,afinn
frightening,-3,afinn
frikin,-2,afinn
frisky,2,afinn
frowning,-1,afinn
frustrate,-2,afinn
frustrated,-2,afinn
frustrates,-2,afinn
frustrating,-2,afinn
frustration,-2,afinn
ftw,3,afinn
fuck,-4,afinn
fucked,-4,afinn
fucker,-4,afinn
fuckers,-4,afinn
fuckface,-4,afinn
fuckhead,-4,afinn
fucking,-4,afinn
fucktard,-4,afinn
fud,-3,afinn
fuked,-4,afinn
fuking,-4,afinn
fulfill,2,afinn
fulfilled,2,afinn
fulfills,2,afinn
fuming,-2,afinn
fun,4,afinn
funeral,-1,afinn
funerals,-1,afinn
funky,2,afinn
funnier,4,afinn
funny,4,afinn
furious,-3,afinn
futile,2,afinn
gag,-2,afinn
gagged,-2,afinn
gain,2,afinn
gained,2,afinn
gaining,2,afinn
gains,2,afinn
gallant,3,afinn
gallantly,3,afinn
gallantry,3,afinn
generous,2,afinn
genial,3,afinn
ghost,-1,afinn
giddy,-2,afinn
gift,2,afinn
glad,3,afinn
glamorous,3,afinn
glamourous,3,afinn
glee,3,afinn
gleeful,3,afinn
gloom,-1,afinn
gloomy,-2,afinn
glorious,2,afinn
glory,2,afinn
glum,-2,afinn
god,1,afinn
goddamn,-3,afinn
godsend,4,afinn
good,3,afinn
goodness,3,afinn
grace,1,afinn
gracious,3,afinn
grand,3,afinn
grant,1,afinn
granted,1,afinn
granting,1,afinn
grants,1,afinn
grateful,3,afinn
gratification,2,afinn
grave,-2,afinn
gray,-1,afinn
great,3,afinn
greater,3,afinn
greatest,3,afinn
greed,-3,afinn
greedy,-2,afinn
green wash,-3,afinn
green washing,-3,afinn
greenwash,-3,afinn
greenwasher,-3,afinn
greenwashers,-3,afinn
greenwashing,-3,afinn
greet,1,afinn
greeted,1,afinn
greeting,1,afinn
greetings,2,afinn
greets,1,afinn
grey,-1,afinn
grief,-2,afinn
grieved,-2,afinn
gross,-2,afinn
growing,1,afinn
growth,2,afinn
guarantee,1,afinn
guilt,-3,afinn
guilty,-3,afinn
gullibility,-2,afinn
gullible,-2,afinn
gun,-1,afinn
ha,2,afinn
hacked,-1,afinn
haha,3,afinn
hahaha,3,afinn
hahahah,3,afinn
hail,2,afinn
hailed,2,afinn
hapless,-2,afinn
haplessness,-2,afinn
happiness,3,afinn
happy,3,afinn
hard,-1,afinn
hardier,2,afinn
hardship,-2,afinn
hardy,2,afinn
harm,-2,afinn
harmed,-2,afinn
harmful,-2,afinn
harming,-2,afinn
harms,-2,afinn
harried,-2,afinn
harsh,-2,afinn
harsher,-2,afinn
harshest,-2,afinn
hate,-3,afinn
hated,-3,afinn
haters,-3,afinn
hates,-3,afinn
hating,-3,afinn
haunt,-1,afinn
haunted,-2,afinn
haunting,1,afinn
haunts,-1,afinn
havoc,-2,afinn
healthy,2,afinn
heartbreaking,-3,afinn
heartbroken,-3,afinn
heartfelt,3,afinn
heaven,2,afinn
heavenly,4,afinn
heavyhearted,-2,afinn
hell,-4,afinn
help,2,afinn
helpful,2,afinn
helping,2,afinn
helpless,-2,afinn
helps,2,afinn
hero,2,afinn
heroes,2,afinn
heroic,3,afinn
hesitant,-2,afinn
hesitate,-2,afinn
hid,-1,afinn
hide,-1,afinn
hides,-1,afinn
hiding,-1,afinn
highlight,2,afinn
hilarious,2,afinn
hindrance,-2,afinn
hoax,-2,afinn
homesick,-2,afinn
honest,2,afinn
honor,2,afinn
honored,2,afinn
honoring,2,afinn
honour,2,afinn
honoured,2,afinn
honouring,2,afinn
hooligan,-2,afinn
hooliganism,-2,afinn
hooligans,-2,afinn
hope,2,afinn
hopeful,2,afinn
hopefully,2,afinn
hopeless,-2,afinn
hopelessness,-2,afinn
hopes,2,afinn
hoping,2,afinn
horrendous,-3,afinn
horrible,-3,afinn
horrific,-3,afinn
horrified,-3,afinn
hostile,-2,afinn
huckster,-2,afinn
hug,2,afinn
huge,1,afinn
hugs,2,afinn
humerous,3,afinn
humiliated,-3,afinn
humiliation,-3,afinn
humor,2,afinn
humorous,2,afinn
humour,2,afinn
humourous,2,afinn
hunger,-2,afinn
hurrah,5,afinn
hurt,-2,afinn
hurting,-2,afinn
hurts,-2,afinn
hypocritical,-2,afinn
hysteria,-3,afinn
hysterical,-3,afinn
hysterics,-3,afinn
idiot,-3,afinn
idiotic,-3,afinn
ignorance,-2,afinn
ignorant,-2,afinn
ignore,-1,afinn
ignored,-2,afinn
ignores,-1,afinn
ill,-2,afinn
illegal,-3,afinn
illiteracy,-2,afinn
illness,-2,afinn
illnesses,-2,afinn
imbecile,-3,afinn
immobilized,-1,afinn
immortal,2,afinn
immune,1,afinn
impatient,-2,afinn
imperfect,-2,afinn
importance,2,afinn
important,2,afinn
impose,-1,afinn
imposed,-1,afinn
imposes,-1,afinn
imposing,-1,afinn
impotent,-2,afinn
impress,3,afinn
impressed,3,afinn
impresses,3,afinn
impressive,3,afinn
imprisoned,-2,afinn
improve,2,afinn
improved,2,afinn
improvement,2,afinn
improves,2,afinn
improving,2,afinn
inability,-2,afinn
inaction,-2,afinn
inadequate,-2,afinn
incapable,-2,afinn
incapacitated,-2,afinn
incensed,-2,afinn
incompetence,-2,afinn
incompetent,-2,afinn
inconsiderate,-2,afinn
inconvenience,-2,afinn
inconvenient,-2,afinn
increase,1,afinn
increased,1,afinn
indecisive,-2,afinn
indestructible,2,afinn
indifference,-2,afinn
indifferent,-2,afinn
indignant,-2,afinn
indignation,-2,afinn
indoctrinate,-2,afinn
indoctrinated,-2,afinn
indoctrinates,-2,afinn
indoctrinating,-2,afinn
ineffective,-2,afinn
ineffectively,-2,afinn
infatuated,2,afinn
infatuation,2,afinn
infected,-2,afinn
inferior,-2,afinn
inflamed,-2,afinn
influential,2,afinn
infringement,-2,afinn
infuriate,-2,afinn
infuriated,-2,afinn
infuriates,-2,afinn
infuriating,-2,afinn
inhibit,-1,afinn
injured,-2,afinn
injury,-2,afinn
injustice,-2,afinn
innovate,1,afinn
innovates,1,afinn
innovation,1,afinn
innovative,2,afinn
inquisition,-2,afinn
inquisitive,2,afinn
insane,-2,afinn
insanity,-2,afinn
insecure,-2,afinn
insensitive,-2,afinn
insensitivity,-2,afinn
insignificant,-2,afinn
insipid,-2,afinn
inspiration,2,afinn
inspirational,2,afinn
inspire,2,afinn
inspired,2,afinn
inspires,2,afinn
inspiring,3,afinn
insult,-2,afinn
insulted,-2,afinn
insulting,-2,afinn
insults,-2,afinn
intact,2,afinn
integrity,2,afinn
intelligent,2,afinn
intense,1,afinn
interest,1,afinn
interested,2,afinn
interesting,2,afinn
interests,1,afinn
interrogated,-2,afinn
interrupt,-2,afinn
interrupted,-2,afinn
interrupting,-2,afinn
interruption,-2,afinn
interrupts,-2,afinn
intimidate,-2,afinn
intimidated,-2,afinn
intimidates,-2,afinn
intimidating,-2,afinn
intimidation,-2,afinn
intricate,2,afinn
intrigues,1,afinn
invincible,2,afinn
invite,1,afinn
inviting,1,afinn
invulnerable,2,afinn
irate,-3,afinn
ironic,-1,afinn
irony,-1,afinn
irrational,-1,afinn
irresistible,2,afinn
irresolute,-2,afinn
irresponsible,2,afinn
irreversible,-1,afinn
irritate,-3,afinn
irritated,-3,afinn
irritating,-3,afinn
isolated,-1,afinn
itchy,-2,afinn
jackass,-4,afinn
jackasses,-4,afinn
jailed,-2,afinn
jaunty,2,afinn
jealous,-2,afinn
jeopardy,-2,afinn
jerk,-3,afinn
jesus,1,afinn
jewel,1,afinn
jewels,1,afinn
jocular,2,afinn
join,1,afinn
joke,2,afinn
jokes,2,afinn
jolly,2,afinn
jovial,2,afinn
joy,3,afinn
joyful,3,afinn
joyfully,3,afinn
joyless,-2,afinn
joyous,3,afinn
jubilant,3,afinn
jumpy,-1,afinn
justice,2,afinn
justifiably,2,afinn
justified,2,afinn
keen,1,afinn
kill,-3,afinn
killed,-3,afinn
killing,-3,afinn
kills,-3,afinn
kind,2,afinn
kinder,2,afinn
kiss,2,afinn
kudos,3,afinn
lack,-2,afinn
lackadaisical,-2,afinn
lag,-1,afinn
lagged,-2,afinn
lagging,-2,afinn
lags,-2,afinn
lame,-2,afinn
landmark,2,afinn
laugh,1,afinn
laughed,1,afinn
laughing,1,afinn
laughs,1,afinn
laughting,1,afinn
launched,1,afinn
lawl,3,afinn
lawsuit,-2,afinn
lawsuits,-2,afinn
lazy,-1,afinn
leak,-1,afinn
leaked,-1,afinn
leave,-1,afinn
legal,1,afinn
legally,1,afinn
lenient,1,afinn
lethargic,-2,afinn
lethargy,-2,afinn
liar,-3,afinn
liars,-3,afinn
libelous,-2,afinn
lied,-2,afinn
lifesaver,4,afinn
lighthearted,1,afinn
like,2,afinn
liked,2,afinn
likes,2,afinn
limitation,-1,afinn
limited,-1,afinn
limits,-1,afinn
litigation,-1,afinn
litigious,-2,afinn
lively,2,afinn
livid,-2,afinn
lmao,4,afinn
lmfao,4,afinn
loathe,-3,afinn
loathed,-3,afinn
loathes,-3,afinn
loathing,-3,afinn
lobby,-2,afinn
lobbying,-2,afinn
lol,3,afinn
lonely,-2,afinn
lonesome,-2,afinn
longing,-1,afinn
loom,-1,afinn
loomed,-1,afinn
looming,-1,afinn
looms,-1,afinn
loose,-3,afinn
looses,-3,afinn
loser,-3,afinn
losing,-3,afinn
loss,-3,afinn
lost,-3,afinn
lovable,3,afinn
love,3,afinn
loved,3,afinn
lovelies,3,afinn
lovely,3,afinn
loving,2,afinn
lowest,-1,afinn
loyal,3,afinn
loyalty,3,afinn
luck,3,afinn
luckily,3,afinn
lucky,3,afinn
lugubrious,-2,afinn
lunatic,-3,afinn
lunatics,-3,afinn
lurk,-1,afinn
lurking,-1,afinn
lurks,-1,afinn
mad,-3,afinn
maddening,-3,afinn
made-up,-1,afinn
madly,-3,afinn
madness,-3,afinn
mandatory,-1,afinn
manipulated,-1,afinn
manipulating,-1,afinn
manipulation,-1,afinn
marvel,3,afinn
marvelous,3,afinn
marvels,3,afinn
masterpiece,4,afinn
masterpieces,4,afinn
matter,1,afinn
matters,1,afinn
mature,2,afinn
meaningful,2,afinn
meaningless,-2,afinn
medal,3,afinn
mediocrity,-3,afinn
meditative,1,afinn
melancholy,-2,afinn
menace,-2,afinn
menaced,-2,afinn
mercy,2,afinn
merry,3,afinn
mess,-2,afinn
messed,-2,afinn
messing up,-2,afinn
methodical,2,afinn
mindless,-2,afinn
miracle,4,afinn
mirth,3,afinn
mirthful,3,afinn
mirthfully,3,afinn
misbehave,-2,afinn
misbehaved,-2,afinn
misbehaves,-2,afinn
misbehaving,-2,afinn
mischief,-1,afinn
mischiefs,-1,afinn
miserable,-3,afinn
misery,-2,afinn
misgiving,-2,afinn
misinformation,-2,afinn
misinformed,-2,afinn
misinterpreted,-2,afinn
misleading,-3,afinn
misread,-1,afinn
misreporting,-2,afinn
misrepresentation,-2,afinn
miss,-2,afinn
missed,-2,afinn
missing,-2,afinn
mistake,-2,afinn
mistaken,-2,afinn
mistakes,-2,afinn
mistaking,-2,afinn
misunderstand,-2,afinn
misunderstanding,-2,afinn
misunderstands,-2,afinn
misunderstood,-2,afinn
moan,-2,afinn
moaned,-2,afinn
moaning,-2,afinn
moans,-2,afinn
mock,-2,afinn
mocked,-2,afinn
mocking,-2,afinn
mocks,-2,afinn
mongering,-2,afinn
monopolize,-2,afinn
monopolized,-2,afinn
monopolizes,-2,afinn
monopolizing,-2,afinn
moody,-1,afinn
mope,-1,afinn
moping,-1,afinn
moron,-3,afinn
motherfucker,-5,afinn
motherfucking,-5,afinn
motivate,1,afinn
motivated,2,afinn
motivating,2,afinn
motivation,1,afinn
mourn,-2,afinn
mourned,-2,afinn
mournful,-2,afinn
mourning,-2,afinn
mourns,-2,afinn
mumpish,-2,afinn
murder,-2,afinn
murderer,-2,afinn
murdering,-3,afinn
murderous,-3,afinn
murders,-2,afinn
myth,-1,afinn
n00b,-2,afinn
naive,-2,afinn
nasty,-3,afinn
natural,1,afinn
na√Øve,-2,afinn
needy,-2,afinn
negative,-2,afinn
negativity,-2,afinn
neglect,-2,afinn
neglected,-2,afinn
neglecting,-2,afinn
neglects,-2,afinn
nerves,-1,afinn
nervous,-2,afinn
nervously,-2,afinn
nice,3,afinn
nifty,2,afinn
niggas,-5,afinn
nigger,-5,afinn
no,-1,afinn
no fun,-3,afinn
noble,2,afinn
noisy,-1,afinn
nonsense,-2,afinn
noob,-2,afinn
nosey,-2,afinn
not good,-2,afinn
not working,-3,afinn
notorious,-2,afinn
novel,2,afinn
numb,-1,afinn
nuts,-3,afinn
obliterate,-2,afinn
obliterated,-2,afinn
obnoxious,-3,afinn
obscene,-2,afinn
obsessed,2,afinn
obsolete,-2,afinn
obstacle,-2,afinn
obstacles,-2,afinn
obstinate,-2,afinn
odd,-2,afinn
offend,-2,afinn
offended,-2,afinn
offender,-2,afinn
offending,-2,afinn
offends,-2,afinn
offline,-1,afinn
oks,2,afinn
ominous,3,afinn
once-in-a-lifetime,3,afinn
opportunities,2,afinn
opportunity,2,afinn
oppressed,-2,afinn
oppressive,-2,afinn
optimism,2,afinn
optimistic,2,afinn
optionless,-2,afinn
outcry,-2,afinn
outmaneuvered,-2,afinn
outrage,-3,afinn
outraged,-3,afinn
outreach,2,afinn
outstanding,5,afinn
overjoyed,4,afinn
overload,-1,afinn
overlooked,-1,afinn
overreact,-2,afinn
overreacted,-2,afinn
overreaction,-2,afinn
overreacts,-2,afinn
oversell,-2,afinn
overselling,-2,afinn
oversells,-2,afinn
oversimplification,-2,afinn
oversimplified,-2,afinn
oversimplifies,-2,afinn
oversimplify,-2,afinn
overstatement,-2,afinn
overstatements,-2,afinn
overweight,-1,afinn
oxymoron,-1,afinn
pain,-2,afinn
pained,-2,afinn
panic,-3,afinn
panicked,-3,afinn
panics,-3,afinn
paradise,3,afinn
paradox,-1,afinn
pardon,2,afinn
pardoned,2,afinn
pardoning,2,afinn
pardons,2,afinn
parley,-1,afinn
passionate,2,afinn
passive,-1,afinn
passively,-1,afinn
pathetic,-2,afinn
pay,-1,afinn
peace,2,afinn
peaceful,2,afinn
peacefully,2,afinn
penalty,-2,afinn
pensive,-1,afinn
perfect,3,afinn
perfected,2,afinn
perfectly,3,afinn
perfects,2,afinn
peril,-2,afinn
perjury,-3,afinn
perpetrator,-2,afinn
perpetrators,-2,afinn
perplexed,-2,afinn
persecute,-2,afinn
persecuted,-2,afinn
persecutes,-2,afinn
persecuting,-2,afinn
perturbed,-2,afinn
pesky,-2,afinn
pessimism,-2,afinn
pessimistic,-2,afinn
petrified,-2,afinn
phobic,-2,afinn
picturesque,2,afinn
pileup,-1,afinn
pique,-2,afinn
piqued,-2,afinn
piss,-4,afinn
pissed,-4,afinn
pissing,-3,afinn
piteous,-2,afinn
pitied,-1,afinn
pity,-2,afinn
playful,2,afinn
pleasant,3,afinn
please,1,afinn
pleased,3,afinn
pleasure,3,afinn
poised,-2,afinn
poison,-2,afinn
poisoned,-2,afinn
poisons,-2,afinn
pollute,-2,afinn
polluted,-2,afinn
polluter,-2,afinn
polluters,-2,afinn
pollutes,-2,afinn
poor,-2,afinn
poorer,-2,afinn
poorest,-2,afinn
popular,3,afinn
positive,2,afinn
positively,2,afinn
possessive,-2,afinn
postpone,-1,afinn
postponed,-1,afinn
postpones,-1,afinn
postponing,-1,afinn
poverty,-1,afinn
powerful,2,afinn
powerless,-2,afinn
praise,3,afinn
praised,3,afinn
praises,3,afinn
praising,3,afinn
pray,1,afinn
praying,1,afinn
prays,1,afinn
prblm,-2,afinn
prblms,-2,afinn
prepared,1,afinn
pressure,-1,afinn
pressured,-2,afinn
pretend,-1,afinn
pretending,-1,afinn
pretends,-1,afinn
pretty,1,afinn
prevent,-1,afinn
prevented,-1,afinn
preventing,-1,afinn
prevents,-1,afinn
prick,-5,afinn
prison,-2,afinn
prisoner,-2,afinn
prisoners,-2,afinn
privileged,2,afinn
proactive,2,afinn
problem,-2,afinn
problems,-2,afinn
profiteer,-2,afinn
progress,2,afinn
prominent,2,afinn
promise,1,afinn
promised,1,afinn
promises,1,afinn
promote,1,afinn
promoted,1,afinn
promotes,1,afinn
promoting,1,afinn
propaganda,-2,afinn
prosecute,-1,afinn
prosecuted,-2,afinn
prosecutes,-1,afinn
prosecution,-1,afinn
prospect,1,afinn
prospects,1,afinn
prosperous,3,afinn
protect,1,afinn
protected,1,afinn
protects,1,afinn
protest,-2,afinn
protesters,-2,afinn
protesting,-2,afinn
protests,-2,afinn
proud,2,afinn
proudly,2,afinn
provoke,-1,afinn
provoked,-1,afinn
provokes,-1,afinn
provoking,-1,afinn
pseudoscience,-3,afinn
punish,-2,afinn
punished,-2,afinn
punishes,-2,afinn
punitive,-2,afinn
pushy,-1,afinn
puzzled,-2,afinn
quaking,-2,afinn
questionable,-2,afinn
questioned,-1,afinn
questioning,-1,afinn
racism,-3,afinn
racist,-3,afinn
racists,-3,afinn
rage,-2,afinn
rageful,-2,afinn
rainy,-1,afinn
rant,-3,afinn
ranter,-3,afinn
ranters,-3,afinn
rants,-3,afinn
rape,-4,afinn
rapist,-4,afinn
rapture,2,afinn
raptured,2,afinn
raptures,2,afinn
rapturous,4,afinn
rash,-2,afinn
ratified,2,afinn
reach,1,afinn
reached,1,afinn
reaches,1,afinn
reaching,1,afinn
reassure,1,afinn
reassured,1,afinn
reassures,1,afinn
reassuring,2,afinn
rebellion,-2,afinn
recession,-2,afinn
reckless,-2,afinn
recommend,2,afinn
recommended,2,afinn
recommends,2,afinn
redeemed,2,afinn
refuse,-2,afinn
refused,-2,afinn
refusing,-2,afinn
regret,-2,afinn
regretful,-2,afinn
regrets,-2,afinn
regretted,-2,afinn
regretting,-2,afinn
reject,-1,afinn
rejected,-1,afinn
rejecting,-1,afinn
rejects,-1,afinn
rejoice,4,afinn
rejoiced,4,afinn
rejoices,4,afinn
rejoicing,4,afinn
relaxed,2,afinn
relentless,-1,afinn
reliant,2,afinn
relieve,1,afinn
relieved,2,afinn
relieves,1,afinn
relieving,2,afinn
relishing,2,afinn
remarkable,2,afinn
remorse,-2,afinn
repulse,-1,afinn
repulsed,-2,afinn
rescue,2,afinn
rescued,2,afinn
rescues,2,afinn
resentful,-2,afinn
resign,-1,afinn
resigned,-1,afinn
resigning,-1,afinn
resigns,-1,afinn
resolute,2,afinn
resolve,2,afinn
resolved,2,afinn
resolves,2,afinn
resolving,2,afinn
respected,2,afinn
responsible,2,afinn
responsive,2,afinn
restful,2,afinn
restless,-2,afinn
restore,1,afinn
restored,1,afinn
restores,1,afinn
restoring,1,afinn
restrict,-2,afinn
restricted,-2,afinn
restricting,-2,afinn
restriction,-2,afinn
restricts,-2,afinn
retained,-1,afinn
retard,-2,afinn
retarded,-2,afinn
retreat,-1,afinn
revenge,-2,afinn
revengeful,-2,afinn
revered,2,afinn
revive,2,afinn
revives,2,afinn
reward,2,afinn
rewarded,2,afinn
rewarding,2,afinn
rewards,2,afinn
rich,2,afinn
ridiculous,-3,afinn
rig,-1,afinn
rigged,-1,afinn
right direction,3,afinn
rigorous,3,afinn
rigorously,3,afinn
riot,-2,afinn
riots,-2,afinn
risk,-2,afinn
risks,-2,afinn
rob,-2,afinn
robber,-2,afinn
robed,-2,afinn
robing,-2,afinn
robs,-2,afinn
robust,2,afinn
rofl,4,afinn
roflcopter,4,afinn
roflmao,4,afinn
romance,2,afinn
rotfl,4,afinn
rotflmfao,4,afinn
rotflol,4,afinn
ruin,-2,afinn
ruined,-2,afinn
ruining,-2,afinn
ruins,-2,afinn
sabotage,-2,afinn
sad,-2,afinn
sadden,-2,afinn
saddened,-2,afinn
sadly,-2,afinn
safe,1,afinn
safely,1,afinn
safety,1,afinn
salient,1,afinn
sappy,-1,afinn
sarcastic,-2,afinn
satisfied,2,afinn
save,2,afinn
saved,2,afinn
scam,-2,afinn
scams,-2,afinn
scandal,-3,afinn
scandalous,-3,afinn
scandals,-3,afinn
scapegoat,-2,afinn
scapegoats,-2,afinn
scare,-2,afinn
scared,-2,afinn
scary,-2,afinn
sceptical,-2,afinn
scold,-2,afinn
scoop,3,afinn
scorn,-2,afinn
scornful,-2,afinn
scream,-2,afinn
screamed,-2,afinn
screaming,-2,afinn
screams,-2,afinn
screwed,-2,afinn
screwed up,-3,afinn
scumbag,-4,afinn
secure,2,afinn
secured,2,afinn
secures,2,afinn
sedition,-2,afinn
seditious,-2,afinn
seduced,-1,afinn
self-confident,2,afinn
self-deluded,-2,afinn
selfish,-3,afinn
selfishness,-3,afinn
sentence,-2,afinn
sentenced,-2,afinn
sentences,-2,afinn
sentencing,-2,afinn
serene,2,afinn
severe,-2,afinn
sexy,3,afinn
shaky,-2,afinn
shame,-2,afinn
shamed,-2,afinn
shameful,-2,afinn
share,1,afinn
shared,1,afinn
shares,1,afinn
shattered,-2,afinn
shit,-4,afinn
shithead,-4,afinn
shitty,-3,afinn
shock,-2,afinn
shocked,-2,afinn
shocking,-2,afinn
shocks,-2,afinn
shoot,-1,afinn
short-sighted,-2,afinn
short-sightedness,-2,afinn
shortage,-2,afinn
shortages,-2,afinn
shrew,-4,afinn
shy,-1,afinn
sick,-2,afinn
sigh,-2,afinn
significance,1,afinn
significant,1,afinn
silencing,-1,afinn
silly,-1,afinn
sincere,2,afinn
sincerely,2,afinn
sincerest,2,afinn
sincerity,2,afinn
sinful,-3,afinn
singleminded,-2,afinn
skeptic,-2,afinn
skeptical,-2,afinn
skepticism,-2,afinn
skeptics,-2,afinn
slam,-2,afinn
slash,-2,afinn
slashed,-2,afinn
slashes,-2,afinn
slashing,-2,afinn
slavery,-3,afinn
sleeplessness,-2,afinn
slick,2,afinn
slicker,2,afinn
slickest,2,afinn
sluggish,-2,afinn
slut,-5,afinn
smart,1,afinn
smarter,2,afinn
smartest,2,afinn
smear,-2,afinn
smile,2,afinn
smiled,2,afinn
smiles,2,afinn
smiling,2,afinn
smog,-2,afinn
sneaky,-1,afinn
snub,-2,afinn
snubbed,-2,afinn
snubbing,-2,afinn
snubs,-2,afinn
sobering,1,afinn
solemn,-1,afinn
solid,2,afinn
solidarity,2,afinn
solution,1,afinn
solutions,1,afinn
solve,1,afinn
solved,1,afinn
solves,1,afinn
solving,1,afinn
somber,-2,afinn
some kind,0,afinn
son-of-a-bitch,-5,afinn
soothe,3,afinn
soothed,3,afinn
soothing,3,afinn
sophisticated,2,afinn
sore,-1,afinn
sorrow,-2,afinn
sorrowful,-2,afinn
sorry,-1,afinn
spam,-2,afinn
spammer,-3,afinn
spammers,-3,afinn
spamming,-2,afinn
spark,1,afinn
sparkle,3,afinn
sparkles,3,afinn
sparkling,3,afinn
speculative,-2,afinn
spirit,1,afinn
spirited,2,afinn
spiritless,-2,afinn
spiteful,-2,afinn
splendid,3,afinn
sprightly,2,afinn
squelched,-1,afinn
stab,-2,afinn
stabbed,-2,afinn
stable,2,afinn
stabs,-2,afinn
stall,-2,afinn
stalled,-2,afinn
stalling,-2,afinn
stamina,2,afinn
stampede,-2,afinn
startled,-2,afinn
starve,-2,afinn
starved,-2,afinn
starves,-2,afinn
starving,-2,afinn
steadfast,2,afinn
steal,-2,afinn
steals,-2,afinn
stereotype,-2,afinn
stereotyped,-2,afinn
stifled,-1,afinn
stimulate,1,afinn
stimulated,1,afinn
stimulates,1,afinn
stimulating,2,afinn
stingy,-2,afinn
stolen,-2,afinn
stop,-1,afinn
stopped,-1,afinn
stopping,-1,afinn
stops,-1,afinn
stout,2,afinn
straight,1,afinn
strange,-1,afinn
strangely,-1,afinn
strangled,-2,afinn
strength,2,afinn
strengthen,2,afinn
strengthened,2,afinn
strengthening,2,afinn
strengthens,2,afinn
stressed,-2,afinn
stressor,-2,afinn
stressors,-2,afinn
stricken,-2,afinn
strike,-1,afinn
strikers,-2,afinn
strikes,-1,afinn
strong,2,afinn
stronger,2,afinn
strongest,2,afinn
struck,-1,afinn
struggle,-2,afinn
struggled,-2,afinn
struggles,-2,afinn
struggling,-2,afinn
stubborn,-2,afinn
stuck,-2,afinn
stunned,-2,afinn
stunning,4,afinn
stupid,-2,afinn
stupidly,-2,afinn
suave,2,afinn
substantial,1,afinn
substantially,1,afinn
subversive,-2,afinn
success,2,afinn
successful,3,afinn
suck,-3,afinn
sucks,-3,afinn
suffer,-2,afinn
suffering,-2,afinn
suffers,-2,afinn
suicidal,-2,afinn
suicide,-2,afinn
suing,-2,afinn
sulking,-2,afinn
sulky,-2,afinn
sullen,-2,afinn
sunshine,2,afinn
super,3,afinn
superb,5,afinn
superior,2,afinn
support,2,afinn
supported,2,afinn
supporter,1,afinn
supporters,1,afinn
supporting,1,afinn
supportive,2,afinn
supports,2,afinn
survived,2,afinn
surviving,2,afinn
survivor,2,afinn
suspect,-1,afinn
suspected,-1,afinn
suspecting,-1,afinn
suspects,-1,afinn
suspend,-1,afinn
suspended,-1,afinn
suspicious,-2,afinn
swear,-2,afinn
swearing,-2,afinn
swears,-2,afinn
sweet,2,afinn
swift,2,afinn
swiftly,2,afinn
swindle,-3,afinn
swindles,-3,afinn
swindling,-3,afinn
sympathetic,2,afinn
sympathy,2,afinn
tard,-2,afinn
tears,-2,afinn
tender,2,afinn
tense,-2,afinn
tension,-1,afinn
terrible,-3,afinn
terribly,-3,afinn
terrific,4,afinn
terrified,-3,afinn
terror,-3,afinn
terrorize,-3,afinn
terrorized,-3,afinn
terrorizes,-3,afinn
thank,2,afinn
thankful,2,afinn
thanks,2,afinn
thorny,-2,afinn
thoughtful,2,afinn
thoughtless,-2,afinn
threat,-2,afinn
threaten,-2,afinn
threatened,-2,afinn
threatening,-2,afinn
threatens,-2,afinn
threats,-2,afinn
thrilled,5,afinn
thwart,-2,afinn
thwarted,-2,afinn
thwarting,-2,afinn
thwarts,-2,afinn
timid,-2,afinn
timorous,-2,afinn
tired,-2,afinn
tits,-2,afinn
tolerant,2,afinn
toothless,-2,afinn
top,2,afinn
tops,2,afinn
torn,-2,afinn
torture,-4,afinn
tortured,-4,afinn
tortures,-4,afinn
torturing,-4,afinn
totalitarian,-2,afinn
totalitarianism,-2,afinn
tout,-2,afinn
touted,-2,afinn
touting,-2,afinn
touts,-2,afinn
tragedy,-2,afinn
tragic,-2,afinn
tranquil,2,afinn
trap,-1,afinn
trapped,-2,afinn
trauma,-3,afinn
traumatic,-3,afinn
travesty,-2,afinn
treason,-3,afinn
treasonous,-3,afinn
treasure,2,afinn
treasures,2,afinn
trembling,-2,afinn
tremulous,-2,afinn
tricked,-2,afinn
trickery,-2,afinn
triumph,4,afinn
triumphant,4,afinn
trouble,-2,afinn
troubled,-2,afinn
troubles,-2,afinn
true,2,afinn
trust,1,afinn
trusted,2,afinn
tumor,-2,afinn
twat,-5,afinn
ugly,-3,afinn
unacceptable,-2,afinn
unappreciated,-2,afinn
unapproved,-2,afinn
unaware,-2,afinn
unbelievable,-1,afinn
unbelieving,-1,afinn
unbiased,2,afinn
uncertain,-1,afinn
unclear,-1,afinn
uncomfortable,-2,afinn
unconcerned,-2,afinn
unconfirmed,-1,afinn
unconvinced,-1,afinn
uncredited,-1,afinn
undecided,-1,afinn
underestimate,-1,afinn
underestimated,-1,afinn
underestimates,-1,afinn
underestimating,-1,afinn
undermine,-2,afinn
undermined,-2,afinn
undermines,-2,afinn
undermining,-2,afinn
undeserving,-2,afinn
undesirable,-2,afinn
uneasy,-2,afinn
unemployment,-2,afinn
unequal,-1,afinn
unequaled,2,afinn
unethical,-2,afinn
unfair,-2,afinn
unfocused,-2,afinn
unfulfilled,-2,afinn
unhappy,-2,afinn
unhealthy,-2,afinn
unified,1,afinn
unimpressed,-2,afinn
unintelligent,-2,afinn
united,1,afinn
unjust,-2,afinn
unlovable,-2,afinn
unloved,-2,afinn
unmatched,1,afinn
unmotivated,-2,afinn
unprofessional,-2,afinn
unresearched,-2,afinn
unsatisfied,-2,afinn
unsecured,-2,afinn
unsettled,-1,afinn
unsophisticated,-2,afinn
unstable,-2,afinn
unstoppable,2,afinn
unsupported,-2,afinn
unsure,-1,afinn
untarnished,2,afinn
unwanted,-2,afinn
unworthy,-2,afinn
upset,-2,afinn
upsets,-2,afinn
upsetting,-2,afinn
uptight,-2,afinn
urgent,-1,afinn
useful,2,afinn
usefulness,2,afinn
useless,-2,afinn
uselessness,-2,afinn
vague,-2,afinn
validate,1,afinn
validated,1,afinn
validates,1,afinn
validating,1,afinn
verdict,-1,afinn
verdicts,-1,afinn
vested,1,afinn
vexation,-2,afinn
vexing,-2,afinn
vibrant,3,afinn
vicious,-2,afinn
victim,-3,afinn
victimize,-3,afinn
victimized,-3,afinn
victimizes,-3,afinn
victimizing,-3,afinn
victims,-3,afinn
vigilant,3,afinn
vile,-3,afinn
vindicate,2,afinn
vindicated,2,afinn
vindicates,2,afinn
vindicating,2,afinn
violate,-2,afinn
violated,-2,afinn
violates,-2,afinn
violating,-2,afinn
violence,-3,afinn
violent,-3,afinn
virtuous,2,afinn
virulent,-2,afinn
vision,1,afinn
visionary,3,afinn
visioning,1,afinn
visions,1,afinn
vitality,3,afinn
vitamin,1,afinn
vitriolic,-3,afinn
vivacious,3,afinn
vociferous,-1,afinn
vulnerability,-2,afinn
vulnerable,-2,afinn
walkout,-2,afinn
walkouts,-2,afinn
wanker,-3,afinn
want,1,afinn
war,-2,afinn
warfare,-2,afinn
warm,1,afinn
warmth,2,afinn
warn,-2,afinn
warned,-2,afinn
warning,-3,afinn
warnings,-3,afinn
warns,-2,afinn
waste,-1,afinn
wasted,-2,afinn
wasting,-2,afinn
wavering,-1,afinn
weak,-2,afinn
weakness,-2,afinn
wealth,3,afinn
wealthy,2,afinn
weary,-2,afinn
weep,-2,afinn
weeping,-2,afinn
weird,-2,afinn
welcome,2,afinn
welcomed,2,afinn
welcomes,2,afinn
whimsical,1,afinn
whitewash,-3,afinn
whore,-4,afinn
wicked,-2,afinn
widowed,-1,afinn
willingness,2,afinn
win,4,afinn
winner,4,afinn
winning,4,afinn
wins,4,afinn
winwin,3,afinn
wish,1,afinn
wishes,1,afinn
wishing,1,afinn
withdrawal,-3,afinn
woebegone,-2,afinn
woeful,-3,afinn
won,3,afinn
wonderful,4,afinn
woo,3,afinn
woohoo,3,afinn
wooo,4,afinn
woow,4,afinn
worn,-1,afinn
worried,-3,afinn
worry,-3,afinn
worrying,-3,afinn
worse,-3,afinn
worsen,-3,afinn
worsened,-3,afinn
worsening,-3,afinn
worsens,-3,afinn
worshiped,3,afinn
worst,-3,afinn
worth,2,afinn
worthless,-2,afinn
worthy,2,afinn
wow,4,afinn
wowow,4,afinn
wowww,4,afinn
wrathful,-3,afinn
wreck,-2,afinn
wrong,-2,afinn
wronged,-2,afinn
wtf,-4,afinn
yeah,1,afinn
yearning,1,afinn
yeees,2,afinn
yes,1,afinn
youthful,2,afinn
yucky,-2,afinn
yummy,3,afinn
zealot,-2,afinn
zealots,-2,afinn
zealous,2,afinn
